Título,Data,Resumo
Promoção: Home Theater Denon com receptor 8K sai a 6% off na Amazon,26 de junho de 2023,Nada/consta
Reencontro de “Casamento às Cegas 3” será ao vivo; veja onde assistir,26 de junho de 2023,Nada/consta
Drone X8 Mini em promoção imperdível no AliExpress: são 65% off!,26 de junho de 2023,Nada/consta
O que é preciso saber de Indiana Jones antes da estreia de “Relíquia do Destino”,26 de junho de 2023,Nada/consta
Studio Display Apple em oferta especial na Amazon,26 de junho de 2023,Nada/consta
"Atores dão sinal verde para volta de  “Malcolm”, sucesso dos anos 2000",26 de junho de 2023,Frankie Muniz e Bryan Cranston adiantaram que já planejam o roteiro
Só agora: Fone Baseus D02 Pro com 51% off no AliExpress,26 de junho de 2023,"O AliExpress está ofertando o Fone Baseus D02 Pro com 51% de desconto, o que fez seu valor sair de R$ 308,54 para apenas R$ 150,65"
"“The Witcher”: depois de Geralt, Ciri e Yennefer chegam ao “Fortnite”",26 de junho de 2023,Personagens chegam na mesma semana em que 3ª temporada de série produzida ela Netflix vai ao ar
Economize R$ 1.300 neste monitor ultrawide de 34”,26 de junho de 2023,"Monitor ultrawide tem 34”, taxa de atualização de 75 Hz e cobertura de 99% do espectro sRGB. Saiba mais sobre esta oferta"
“ChatGPT” da NASA permitirá conversa entre astronautas e naves espaciais,26 de junho de 2023,Projeto é encabeçado por pesquisadora brasileira e auxiliará astronautas durante missões no espaço
